/*
SQLyog Enterprise v13.1.1 (64 bit)
MySQL - 10.1.41-MariaDB-0+deb9u1 : Database - ganaedu
*********************************************************************
*/

/*!40101 SET NAMES utf8 */;

/*!40101 SET SQL_MODE=''*/;

/*!40014 SET @OLD_UNIQUE_CHECKS=@@UNIQUE_CHECKS, UNIQUE_CHECKS=0 */;
/*!40014 SET @OLD_FOREIGN_KEY_CHECKS=@@FOREIGN_KEY_CHECKS, FOREIGN_KEY_CHECKS=0 */;
/*!40101 SET @OLD_SQL_MODE=@@SQL_MODE, SQL_MODE='NO_AUTO_VALUE_ON_ZERO' */;
/*!40111 SET @OLD_SQL_NOTES=@@SQL_NOTES, SQL_NOTES=0 */;
CREATE DATABASE /*!32312 IF NOT EXISTS*/`ganaedu` /*!40100 DEFAULT CHARACTER SET utf8mb4 */;

USE `ganaedu`;

/*Table structure for table `categories` */

DROP TABLE IF EXISTS `categories`;

CREATE TABLE `categories` (
  `id` int(10) unsigned NOT NULL AUTO_INCREMENT,
  `parent_id` int(10) unsigned DEFAULT NULL,
  `order` int(11) NOT NULL DEFAULT '1',
  `name` varchar(191) COLLATE utf8mb4_unicode_ci NOT NULL,
  `slug` varchar(191) COLLATE utf8mb4_unicode_ci NOT NULL,
  `created_at` timestamp NULL DEFAULT NULL,
  `updated_at` timestamp NULL DEFAULT NULL,
  PRIMARY KEY (`id`),
  UNIQUE KEY `categories_slug_unique` (`slug`),
  KEY `categories_parent_id_foreign` (`parent_id`),
  CONSTRAINT `categories_parent_id_foreign` FOREIGN KEY (`parent_id`) REFERENCES `categories` (`id`) ON DELETE SET NULL ON UPDATE CASCADE
) ENGINE=InnoDB AUTO_INCREMENT=3 DEFAULT CHARSET=utf8mb4 COLLATE=utf8mb4_unicode_ci;

/*Data for the table `categories` */

insert  into `categories`(`id`,`parent_id`,`order`,`name`,`slug`,`created_at`,`updated_at`) values 
(1,NULL,1,'Categoria 1','categoria-1','2019-10-04 14:54:32','2019-12-11 16:24:05'),
(2,NULL,1,'Categoria 2','categoria-2','2019-10-04 14:54:32','2019-12-11 16:23:44');

/*Table structure for table `data_rows` */

DROP TABLE IF EXISTS `data_rows`;

CREATE TABLE `data_rows` (
  `id` int(10) unsigned NOT NULL AUTO_INCREMENT,
  `data_type_id` int(10) unsigned NOT NULL,
  `field` varchar(191) COLLATE utf8mb4_unicode_ci NOT NULL,
  `type` varchar(191) COLLATE utf8mb4_unicode_ci NOT NULL,
  `display_name` varchar(191) COLLATE utf8mb4_unicode_ci NOT NULL,
  `required` tinyint(1) NOT NULL DEFAULT '0',
  `browse` tinyint(1) NOT NULL DEFAULT '1',
  `read` tinyint(1) NOT NULL DEFAULT '1',
  `edit` tinyint(1) NOT NULL DEFAULT '1',
  `add` tinyint(1) NOT NULL DEFAULT '1',
  `delete` tinyint(1) NOT NULL DEFAULT '1',
  `details` text COLLATE utf8mb4_unicode_ci,
  `order` int(11) NOT NULL DEFAULT '1',
  PRIMARY KEY (`id`),
  KEY `data_rows_data_type_id_foreign` (`data_type_id`),
  CONSTRAINT `data_rows_data_type_id_foreign` FOREIGN KEY (`data_type_id`) REFERENCES `data_types` (`id`) ON DELETE CASCADE ON UPDATE CASCADE
) ENGINE=InnoDB AUTO_INCREMENT=76 DEFAULT CHARSET=utf8mb4 COLLATE=utf8mb4_unicode_ci;

/*Data for the table `data_rows` */

insert  into `data_rows`(`id`,`data_type_id`,`field`,`type`,`display_name`,`required`,`browse`,`read`,`edit`,`add`,`delete`,`details`,`order`) values 
(1,1,'id','number','ID',1,0,0,0,0,0,NULL,1),
(2,1,'name','text','Name',1,1,1,1,1,1,NULL,2),
(3,1,'email','text','Email',1,1,1,1,1,1,NULL,3),
(4,1,'password','password','Password',1,0,0,1,1,0,NULL,4),
(5,1,'remember_token','text','Remember Token',0,0,0,0,0,0,NULL,5),
(6,1,'created_at','timestamp','Created At',0,1,1,0,0,0,NULL,6),
(7,1,'updated_at','timestamp','Updated At',0,0,0,0,0,0,NULL,7),
(8,1,'avatar','image','Avatar',0,1,1,1,1,1,NULL,8),
(9,1,'user_belongsto_role_relationship','relationship','Role',0,1,1,1,1,0,'{\"model\":\"TCG\\\\Voyager\\\\Models\\\\Role\",\"table\":\"roles\",\"type\":\"belongsTo\",\"column\":\"role_id\",\"key\":\"id\",\"label\":\"display_name\",\"pivot_table\":\"roles\",\"pivot\":0}',10),
(10,1,'user_belongstomany_role_relationship','relationship','Roles',0,1,1,1,1,0,'{\"model\":\"TCG\\\\Voyager\\\\Models\\\\Role\",\"table\":\"roles\",\"type\":\"belongsToMany\",\"column\":\"id\",\"key\":\"id\",\"label\":\"display_name\",\"pivot_table\":\"user_roles\",\"pivot\":\"1\",\"taggable\":\"0\"}',11),
(11,1,'settings','hidden','Settings',0,0,0,0,0,0,NULL,12),
(12,2,'id','number','ID',1,0,0,0,0,0,NULL,1),
(13,2,'name','text','Name',1,1,1,1,1,1,NULL,2),
(14,2,'created_at','timestamp','Created At',0,0,0,0,0,0,NULL,3),
(15,2,'updated_at','timestamp','Updated At',0,0,0,0,0,0,NULL,4),
(16,3,'id','number','ID',1,0,0,0,0,0,NULL,1),
(17,3,'name','text','Name',1,1,1,1,1,1,NULL,2),
(18,3,'created_at','timestamp','Created At',0,0,0,0,0,0,NULL,3),
(19,3,'updated_at','timestamp','Updated At',0,0,0,0,0,0,NULL,4),
(20,3,'display_name','text','Display Name',1,1,1,1,1,1,NULL,5),
(21,1,'role_id','text','Role',1,1,1,1,1,1,NULL,9),
(22,4,'id','number','ID',1,0,0,0,0,0,NULL,1),
(23,4,'parent_id','select_dropdown','Parent',0,0,1,1,1,1,'{\"default\":\"\",\"null\":\"\",\"options\":{\"\":\"-- None --\"},\"relationship\":{\"key\":\"id\",\"label\":\"name\"}}',2),
(24,4,'order','text','Order',1,1,1,1,1,1,'{\"default\":1}',3),
(25,4,'name','text','Name',1,1,1,1,1,1,NULL,4),
(26,4,'slug','text','Slug',1,1,1,1,1,1,'{\"slugify\":{\"origin\":\"name\"}}',5),
(27,4,'created_at','timestamp','Created At',0,0,1,0,0,0,NULL,6),
(28,4,'updated_at','timestamp','Updated At',0,0,0,0,0,0,NULL,7),
(29,5,'id','number','ID',1,0,0,0,0,0,NULL,1),
(30,5,'author_id','text','Author',1,0,1,1,0,1,NULL,2),
(31,5,'category_id','text','Category',1,0,1,1,1,0,NULL,3),
(32,5,'title','text','Title',1,1,1,1,1,1,NULL,4),
(33,5,'excerpt','text_area','Excerpt',1,0,1,1,1,1,NULL,5),
(34,5,'body','rich_text_box','Body',1,0,1,1,1,1,NULL,6),
(35,5,'image','image','Post Image',0,1,1,1,1,1,'{\"resize\":{\"width\":\"1000\",\"height\":\"null\"},\"quality\":\"70%\",\"upsize\":true,\"thumbnails\":[{\"name\":\"medium\",\"scale\":\"50%\"},{\"name\":\"small\",\"scale\":\"25%\"},{\"name\":\"cropped\",\"crop\":{\"width\":\"300\",\"height\":\"250\"}}]}',7),
(36,5,'slug','text','Slug',1,0,1,1,1,1,'{\"slugify\":{\"origin\":\"title\",\"forceUpdate\":true},\"validation\":{\"rule\":\"unique:posts,slug\"}}',8),
(37,5,'meta_description','text_area','Meta Description',1,0,1,1,1,1,NULL,9),
(38,5,'meta_keywords','text_area','Meta Keywords',1,0,1,1,1,1,NULL,10),
(39,5,'status','select_dropdown','Status',1,1,1,1,1,1,'{\"default\":\"DRAFT\",\"options\":{\"PUBLISHED\":\"published\",\"DRAFT\":\"draft\",\"PENDING\":\"pending\"}}',11),
(40,5,'created_at','timestamp','Created At',0,1,1,0,0,0,NULL,12),
(41,5,'updated_at','timestamp','Updated At',0,0,0,0,0,0,NULL,13),
(42,5,'seo_title','text','SEO Title',0,1,1,1,1,1,NULL,14),
(43,5,'featured','checkbox','Featured',1,1,1,1,1,1,NULL,15),
(44,6,'id','number','ID',1,0,0,0,0,0,NULL,1),
(45,6,'author_id','text','Author',1,0,0,0,0,0,NULL,2),
(46,6,'title','text','Title',1,1,1,1,1,1,NULL,3),
(47,6,'excerpt','text_area','Excerpt',1,0,1,1,1,1,NULL,4),
(48,6,'body','rich_text_box','Body',1,0,1,1,1,1,NULL,5),
(49,6,'slug','text','Slug',1,0,1,1,1,1,'{\"slugify\":{\"origin\":\"title\"},\"validation\":{\"rule\":\"unique:pages,slug\"}}',6),
(50,6,'meta_description','text','Meta Description',1,0,1,1,1,1,NULL,7),
(51,6,'meta_keywords','text','Meta Keywords',1,0,1,1,1,1,NULL,8),
(52,6,'status','select_dropdown','Status',1,1,1,1,1,1,'{\"default\":\"INACTIVE\",\"options\":{\"INACTIVE\":\"INACTIVE\",\"ACTIVE\":\"ACTIVE\"}}',9),
(53,6,'created_at','timestamp','Created At',1,1,1,0,0,0,NULL,10),
(54,6,'updated_at','timestamp','Updated At',1,0,0,0,0,0,NULL,11),
(55,6,'image','image','Page Image',0,1,1,1,1,1,NULL,12),
(56,8,'id','text','Id',1,0,0,0,0,0,'{}',1),
(57,8,'nombre','text','Nombre',0,1,1,1,1,1,'{}',2),
(58,8,'cod_dane','text','Código Dane',0,1,1,1,1,1,'{}',3),
(59,8,'dep_id','text','Departamento',0,1,1,1,1,1,'{}',4),
(60,8,'mun_id','text','Municipio',0,1,1,1,1,1,'{}',5),
(61,8,'zona','text','Zona',0,1,1,1,1,1,'{}',6),
(62,8,'naturaleza','text','Naturaleza',0,1,1,1,1,1,'{}',7),
(63,8,'created_at','timestamp','Created At',0,0,0,0,0,0,'{}',8),
(64,8,'updated_at','timestamp','Updated At',0,0,0,0,0,0,'{}',9),
(65,8,'deleted_at','timestamp','Deleted At',0,0,0,0,0,0,'{}',10),
(71,11,'id','text','Id',1,1,1,1,1,1,'{}',1),
(72,11,'nombre','text','Nombre',0,1,1,1,1,1,'{}',2),
(73,11,'created_at','timestamp','Created At',0,0,0,0,0,0,'{}',3),
(74,11,'updated_at','timestamp','Updated At',0,0,0,0,0,0,'{}',4),
(75,11,'deleted_at','timestamp','Deleted At',0,0,0,0,0,0,'{}',5);

/*Table structure for table `data_types` */

DROP TABLE IF EXISTS `data_types`;

CREATE TABLE `data_types` (
  `id` int(10) unsigned NOT NULL AUTO_INCREMENT,
  `name` varchar(191) COLLATE utf8mb4_unicode_ci NOT NULL,
  `slug` varchar(191) COLLATE utf8mb4_unicode_ci NOT NULL,
  `display_name_singular` varchar(191) COLLATE utf8mb4_unicode_ci NOT NULL,
  `display_name_plural` varchar(191) COLLATE utf8mb4_unicode_ci NOT NULL,
  `icon` varchar(191) COLLATE utf8mb4_unicode_ci DEFAULT NULL,
  `model_name` varchar(191) COLLATE utf8mb4_unicode_ci DEFAULT NULL,
  `policy_name` varchar(191) COLLATE utf8mb4_unicode_ci DEFAULT NULL,
  `controller` varchar(191) COLLATE utf8mb4_unicode_ci DEFAULT NULL,
  `description` varchar(191) COLLATE utf8mb4_unicode_ci DEFAULT NULL,
  `generate_permissions` tinyint(1) NOT NULL DEFAULT '0',
  `server_side` tinyint(4) NOT NULL DEFAULT '0',
  `details` text COLLATE utf8mb4_unicode_ci,
  `created_at` timestamp NULL DEFAULT NULL,
  `updated_at` timestamp NULL DEFAULT NULL,
  PRIMARY KEY (`id`),
  UNIQUE KEY `data_types_name_unique` (`name`),
  UNIQUE KEY `data_types_slug_unique` (`slug`)
) ENGINE=InnoDB AUTO_INCREMENT=12 DEFAULT CHARSET=utf8mb4 COLLATE=utf8mb4_unicode_ci;

/*Data for the table `data_types` */

insert  into `data_types`(`id`,`name`,`slug`,`display_name_singular`,`display_name_plural`,`icon`,`model_name`,`policy_name`,`controller`,`description`,`generate_permissions`,`server_side`,`details`,`created_at`,`updated_at`) values 
(1,'users','users','User','Users','voyager-person','TCG\\Voyager\\Models\\User','TCG\\Voyager\\Policies\\UserPolicy','TCG\\Voyager\\Http\\Controllers\\VoyagerUserController','',1,0,NULL,'2019-10-04 14:54:12','2019-10-04 14:54:12'),
(2,'menus','menus','Menu','Menus','voyager-list','TCG\\Voyager\\Models\\Menu',NULL,'','',1,0,NULL,'2019-10-04 14:54:12','2019-10-04 14:54:12'),
(3,'roles','roles','Role','Roles','voyager-lock','TCG\\Voyager\\Models\\Role',NULL,'','',1,0,NULL,'2019-10-04 14:54:13','2019-10-04 14:54:13'),
(4,'categories','categories','Category','Categories','voyager-categories','TCG\\Voyager\\Models\\Category',NULL,'','',1,0,NULL,'2019-10-04 14:54:31','2019-10-04 14:54:31'),
(5,'posts','posts','Post','Posts','voyager-news','TCG\\Voyager\\Models\\Post','TCG\\Voyager\\Policies\\PostPolicy','','',1,0,NULL,'2019-10-04 14:54:32','2019-10-04 14:54:32'),
(6,'pages','pages','Page','Pages','voyager-file-text','TCG\\Voyager\\Models\\Page',NULL,'','',1,0,NULL,'2019-10-04 14:54:35','2019-10-04 14:54:35'),
(8,'institutions','institutions','Instituciones','Institución','voyager-company','App\\Institution',NULL,NULL,NULL,1,0,'{\"order_column\":\"nombre\",\"order_display_column\":\"nombre\",\"order_direction\":\"asc\",\"default_search_key\":null,\"scope\":null}','2019-12-11 17:08:36','2019-12-12 01:14:50'),
(11,'departaments','departaments','Departament','Departaments',NULL,'App\\Departament',NULL,NULL,NULL,1,0,'{\"order_column\":\"nombre\",\"order_display_column\":\"nombre\",\"order_direction\":\"asc\",\"default_search_key\":null,\"scope\":null}','2019-12-18 20:20:04','2019-12-18 20:22:21');

/*Table structure for table `departaments` */

DROP TABLE IF EXISTS `departaments`;

CREATE TABLE `departaments` (
  `id` int(10) unsigned NOT NULL AUTO_INCREMENT,
  `nombre` text COLLATE utf8mb4_unicode_ci,
  `created_at` timestamp NULL DEFAULT NULL,
  `updated_at` timestamp NULL DEFAULT NULL,
  `deleted_at` timestamp NULL DEFAULT NULL,
  PRIMARY KEY (`id`)
) ENGINE=InnoDB AUTO_INCREMENT=53 DEFAULT CHARSET=utf8mb4 COLLATE=utf8mb4_unicode_ci;

/*Data for the table `departaments` */

insert  into `departaments`(`id`,`nombre`,`created_at`,`updated_at`,`deleted_at`) values 
(52,'Nariño','2019-12-18 20:22:34','2019-12-18 20:22:34',NULL);

/*Table structure for table `institutions` */

DROP TABLE IF EXISTS `institutions`;

CREATE TABLE `institutions` (
  `id` int(10) unsigned NOT NULL AUTO_INCREMENT,
  `nombre` text COLLATE utf8mb4_unicode_ci,
  `cod_dane` text COLLATE utf8mb4_unicode_ci,
  `departament_id` int(11) DEFAULT NULL,
  `municipality_id` int(11) DEFAULT NULL,
  `zona` varchar(20) COLLATE utf8mb4_unicode_ci DEFAULT NULL,
  `naturaleza` varchar(20) COLLATE utf8mb4_unicode_ci DEFAULT NULL,
  `created_at` timestamp NULL DEFAULT NULL,
  `updated_at` timestamp NULL DEFAULT NULL,
  `deleted_at` timestamp NULL DEFAULT NULL,
  PRIMARY KEY (`id`)
) ENGINE=InnoDB DEFAULT CHARSET=utf8mb4 COLLATE=utf8mb4_unicode_ci;

/*Data for the table `institutions` */

/*Table structure for table `menu_items` */

DROP TABLE IF EXISTS `menu_items`;

CREATE TABLE `menu_items` (
  `id` int(10) unsigned NOT NULL AUTO_INCREMENT,
  `menu_id` int(10) unsigned DEFAULT NULL,
  `title` varchar(191) COLLATE utf8mb4_unicode_ci NOT NULL,
  `url` varchar(191) COLLATE utf8mb4_unicode_ci NOT NULL,
  `target` varchar(191) COLLATE utf8mb4_unicode_ci NOT NULL DEFAULT '_self',
  `icon_class` varchar(191) COLLATE utf8mb4_unicode_ci DEFAULT NULL,
  `color` varchar(191) COLLATE utf8mb4_unicode_ci DEFAULT NULL,
  `parent_id` int(11) DEFAULT NULL,
  `order` int(11) NOT NULL,
  `created_at` timestamp NULL DEFAULT NULL,
  `updated_at` timestamp NULL DEFAULT NULL,
  `route` varchar(191) COLLATE utf8mb4_unicode_ci DEFAULT NULL,
  `parameters` text COLLATE utf8mb4_unicode_ci,
  PRIMARY KEY (`id`),
  KEY `menu_items_menu_id_foreign` (`menu_id`),
  CONSTRAINT `menu_items_menu_id_foreign` FOREIGN KEY (`menu_id`) REFERENCES `menus` (`id`) ON DELETE CASCADE
) ENGINE=InnoDB AUTO_INCREMENT=20 DEFAULT CHARSET=utf8mb4 COLLATE=utf8mb4_unicode_ci;

/*Data for the table `menu_items` */

insert  into `menu_items`(`id`,`menu_id`,`title`,`url`,`target`,`icon_class`,`color`,`parent_id`,`order`,`created_at`,`updated_at`,`route`,`parameters`) values 
(1,1,'Escritorio','','_self','voyager-boat','#000000',NULL,1,'2019-10-04 14:54:16','2019-12-12 01:16:59','voyager.dashboard','null'),
(2,1,'Media','','_self','voyager-images',NULL,NULL,5,'2019-10-04 14:54:16','2019-12-18 20:20:33','voyager.media.index',NULL),
(3,1,'Usuarios','','_self','voyager-person','#000000',NULL,4,'2019-10-04 14:54:16','2019-12-18 20:20:33','voyager.users.index','null'),
(4,1,'Roles','','_self','Roles','#000000',NULL,3,'2019-10-04 14:54:16','2019-12-18 20:14:47',NULL,''),
(5,1,'Herramientas','','_self','voyager-tools','#000000',NULL,9,'2019-10-04 14:54:16','2019-12-18 20:20:33',NULL,''),
(6,1,'Constructor de Menús','','_self','voyager-list','#000000',5,1,'2019-10-04 14:54:16','2019-12-12 01:18:58','voyager.menus.index','null'),
(7,1,'Bases de Datos','','_self','voyager-data','#000000',5,2,'2019-10-04 14:54:16','2019-12-12 01:19:12','voyager.database.index','null'),
(8,1,'Compass','','_self','voyager-compass',NULL,5,3,'2019-10-04 14:54:17','2019-12-12 01:16:39','voyager.compass.index',NULL),
(9,1,'BREAD','','_self','voyager-bread',NULL,5,4,'2019-10-04 14:54:17','2019-12-12 01:16:39','voyager.bread.index',NULL),
(10,1,'Configuraciones','','_self','voyager-settings','#000000',NULL,10,'2019-10-04 14:54:17','2019-12-18 20:20:33','voyager.settings.index','null'),
(11,1,'Categorias','','_self','voyager-categories','#000000',NULL,8,'2019-10-04 14:54:31','2019-12-18 20:20:33','voyager.categories.index','null'),
(12,1,'Publicaciones','','_self','voyager-news','#000000',NULL,6,'2019-10-04 14:54:34','2019-12-18 20:20:33','voyager.posts.index','null'),
(13,1,'Páginas','','_self','voyager-file-text','#000000',NULL,7,'2019-10-04 14:54:36','2019-12-18 20:20:33','voyager.pages.index','null'),
(14,1,'Hooks','','_self','voyager-hook',NULL,5,5,'2019-10-04 14:54:43','2019-12-12 01:16:39','voyager.hooks',NULL),
(15,1,'Instituciones','admin/institutions','_self','Instituciones','#000000',16,1,'2019-12-11 17:09:15','2019-12-18 20:17:02',NULL,''),
(16,1,'Registros','','_self','voyager-data','#000000',NULL,2,'2019-12-12 01:16:32','2019-12-26 17:08:54',NULL,''),
(19,1,'Departamentos','admin/departaments','_self','Departaments','#000000',16,2,'2019-12-18 20:20:04','2019-12-26 17:08:46',NULL,'');

/*Table structure for table `menus` */

DROP TABLE IF EXISTS `menus`;

CREATE TABLE `menus` (
  `id` int(10) unsigned NOT NULL AUTO_INCREMENT,
  `name` varchar(191) COLLATE utf8mb4_unicode_ci NOT NULL,
  `created_at` timestamp NULL DEFAULT NULL,
  `updated_at` timestamp NULL DEFAULT NULL,
  PRIMARY KEY (`id`),
  UNIQUE KEY `menus_name_unique` (`name`)
) ENGINE=InnoDB AUTO_INCREMENT=2 DEFAULT CHARSET=utf8mb4 COLLATE=utf8mb4_unicode_ci;

/*Data for the table `menus` */

insert  into `menus`(`id`,`name`,`created_at`,`updated_at`) values 
(1,'admin','2019-10-04 14:54:16','2019-10-04 14:54:16');

/*Table structure for table `migrations` */

DROP TABLE IF EXISTS `migrations`;

CREATE TABLE `migrations` (
  `id` int(10) unsigned NOT NULL AUTO_INCREMENT,
  `migration` varchar(191) COLLATE utf8mb4_unicode_ci NOT NULL,
  `batch` int(11) NOT NULL,
  PRIMARY KEY (`id`)
) ENGINE=InnoDB AUTO_INCREMENT=27 DEFAULT CHARSET=utf8mb4 COLLATE=utf8mb4_unicode_ci;

/*Data for the table `migrations` */

insert  into `migrations`(`id`,`migration`,`batch`) values 
(1,'2014_10_12_000000_create_users_table',1),
(2,'2014_10_12_100000_create_password_resets_table',1),
(3,'2016_01_01_000000_add_voyager_user_fields',1),
(4,'2016_01_01_000000_create_data_types_table',1),
(5,'2016_05_19_173453_create_menu_table',1),
(6,'2016_10_21_190000_create_roles_table',1),
(7,'2016_10_21_190000_create_settings_table',1),
(8,'2016_11_30_135954_create_permission_table',1),
(9,'2016_11_30_141208_create_permission_role_table',1),
(10,'2016_12_26_201236_data_types__add__server_side',1),
(11,'2017_01_13_000000_add_route_to_menu_items_table',1),
(12,'2017_01_14_005015_create_translations_table',1),
(13,'2017_01_15_000000_make_table_name_nullable_in_permissions_table',1),
(14,'2017_03_06_000000_add_controller_to_data_types_table',1),
(15,'2017_04_21_000000_add_order_to_data_rows_table',1),
(16,'2017_07_05_210000_add_policyname_to_data_types_table',1),
(17,'2017_08_05_000000_add_group_to_settings_table',1),
(18,'2017_11_26_013050_add_user_role_relationship',1),
(19,'2017_11_26_015000_create_user_roles_table',1),
(20,'2018_03_11_000000_add_user_settings',1),
(21,'2018_03_14_000000_add_details_to_data_types_table',1),
(22,'2018_03_16_000000_make_settings_value_nullable',1),
(23,'2016_01_01_000000_create_pages_table',2),
(24,'2016_01_01_000000_create_posts_table',2),
(25,'2016_02_15_204651_create_categories_table',2),
(26,'2017_04_11_000000_alter_post_nullable_fields_table',2);

/*Table structure for table `municipalities` */

DROP TABLE IF EXISTS `municipalities`;

CREATE TABLE `municipalities` (
  `id` int(10) unsigned NOT NULL AUTO_INCREMENT,
  `nombre` text COLLATE utf8mb4_unicode_ci,
  `created_at` timestamp NULL DEFAULT NULL,
  `updated_at` timestamp NULL DEFAULT NULL,
  `deleted_at` timestamp NULL DEFAULT NULL,
  `departament_id` int(11) DEFAULT NULL,
  PRIMARY KEY (`id`)
) ENGINE=InnoDB DEFAULT CHARSET=utf8mb4 COLLATE=utf8mb4_unicode_ci;

/*Data for the table `municipalities` */

/*Table structure for table `pages` */

DROP TABLE IF EXISTS `pages`;

CREATE TABLE `pages` (
  `id` int(10) unsigned NOT NULL AUTO_INCREMENT,
  `author_id` int(11) NOT NULL,
  `title` varchar(191) COLLATE utf8mb4_unicode_ci NOT NULL,
  `excerpt` text COLLATE utf8mb4_unicode_ci,
  `body` text COLLATE utf8mb4_unicode_ci,
  `image` varchar(191) COLLATE utf8mb4_unicode_ci DEFAULT NULL,
  `slug` varchar(191) COLLATE utf8mb4_unicode_ci NOT NULL,
  `meta_description` text COLLATE utf8mb4_unicode_ci,
  `meta_keywords` text COLLATE utf8mb4_unicode_ci,
  `status` enum('ACTIVE','INACTIVE') COLLATE utf8mb4_unicode_ci NOT NULL DEFAULT 'INACTIVE',
  `created_at` timestamp NULL DEFAULT NULL,
  `updated_at` timestamp NULL DEFAULT NULL,
  PRIMARY KEY (`id`),
  UNIQUE KEY `pages_slug_unique` (`slug`)
) ENGINE=InnoDB AUTO_INCREMENT=2 DEFAULT CHARSET=utf8mb4 COLLATE=utf8mb4_unicode_ci;

/*Data for the table `pages` */

insert  into `pages`(`id`,`author_id`,`title`,`excerpt`,`body`,`image`,`slug`,`meta_description`,`meta_keywords`,`status`,`created_at`,`updated_at`) values 
(1,0,'Hello World','Hang the jib grog grog blossom grapple dance the hempen jig gangway pressgang bilge rat to go on account lugger. Nelsons folly gabion line draught scallywag fire ship gaff fluke fathom case shot. Sea Legs bilge rat sloop matey gabion long clothes run a shot across the bow Gold Road cog league.','<p>Hello World. Scallywag grog swab Cat o\'nine tails scuttle rigging hardtack cable nipper Yellow Jack. Handsomely spirits knave lad killick landlubber or just lubber deadlights chantey pinnace crack Jennys tea cup. Provost long clothes black spot Yellow Jack bilged on her anchor league lateen sail case shot lee tackle.</p>\n<p>Ballast spirits fluke topmast me quarterdeck schooner landlubber or just lubber gabion belaying pin. Pinnace stern galleon starboard warp carouser to go on account dance the hempen jig jolly boat measured fer yer chains. Man-of-war fire in the hole nipperkin handsomely doubloon barkadeer Brethren of the Coast gibbet driver squiffy.</p>','pages/page1.jpg','hello-world','Yar Meta Description','Keyword1, Keyword2','ACTIVE','2019-10-04 14:54:37','2019-10-04 14:54:37');

/*Table structure for table `password_resets` */

DROP TABLE IF EXISTS `password_resets`;

CREATE TABLE `password_resets` (
  `email` varchar(191) COLLATE utf8mb4_unicode_ci NOT NULL,
  `token` varchar(191) COLLATE utf8mb4_unicode_ci NOT NULL,
  `created_at` timestamp NULL DEFAULT NULL,
  KEY `password_resets_email_index` (`email`)
) ENGINE=InnoDB DEFAULT CHARSET=utf8mb4 COLLATE=utf8mb4_unicode_ci;

/*Data for the table `password_resets` */

/*Table structure for table `permission_role` */

DROP TABLE IF EXISTS `permission_role`;

CREATE TABLE `permission_role` (
  `permission_id` bigint(20) unsigned NOT NULL,
  `role_id` bigint(20) unsigned NOT NULL,
  PRIMARY KEY (`permission_id`,`role_id`),
  KEY `permission_role_permission_id_index` (`permission_id`),
  KEY `permission_role_role_id_index` (`role_id`),
  CONSTRAINT `permission_role_permission_id_foreign` FOREIGN KEY (`permission_id`) REFERENCES `permissions` (`id`) ON DELETE CASCADE,
  CONSTRAINT `permission_role_role_id_foreign` FOREIGN KEY (`role_id`) REFERENCES `roles` (`id`) ON DELETE CASCADE
) ENGINE=InnoDB DEFAULT CHARSET=utf8mb4 COLLATE=utf8mb4_unicode_ci;

/*Data for the table `permission_role` */

insert  into `permission_role`(`permission_id`,`role_id`) values 
(1,1),
(2,1),
(3,1),
(4,1),
(5,1),
(6,1),
(7,1),
(8,1),
(9,1),
(10,1),
(11,1),
(12,1),
(13,1),
(14,1),
(15,1),
(16,1),
(17,1),
(18,1),
(19,1),
(20,1),
(21,1),
(22,1),
(23,1),
(24,1),
(25,1),
(26,1),
(27,1),
(28,1),
(29,1),
(30,1),
(31,1),
(32,1),
(33,1),
(34,1),
(35,1),
(36,1),
(37,1),
(38,1),
(39,1),
(40,1),
(41,1),
(42,1),
(43,1),
(44,1),
(45,1),
(46,1),
(52,1),
(53,1),
(54,1),
(55,1),
(56,1);

/*Table structure for table `permissions` */

DROP TABLE IF EXISTS `permissions`;

CREATE TABLE `permissions` (
  `id` bigint(20) unsigned NOT NULL AUTO_INCREMENT,
  `key` varchar(191) COLLATE utf8mb4_unicode_ci NOT NULL,
  `table_name` varchar(191) COLLATE utf8mb4_unicode_ci DEFAULT NULL,
  `created_at` timestamp NULL DEFAULT NULL,
  `updated_at` timestamp NULL DEFAULT NULL,
  PRIMARY KEY (`id`),
  KEY `permissions_key_index` (`key`)
) ENGINE=InnoDB AUTO_INCREMENT=57 DEFAULT CHARSET=utf8mb4 COLLATE=utf8mb4_unicode_ci;

/*Data for the table `permissions` */

insert  into `permissions`(`id`,`key`,`table_name`,`created_at`,`updated_at`) values 
(1,'browse_admin',NULL,'2019-10-04 14:54:17','2019-10-04 14:54:17'),
(2,'browse_bread',NULL,'2019-10-04 14:54:17','2019-10-04 14:54:17'),
(3,'browse_database',NULL,'2019-10-04 14:54:18','2019-10-04 14:54:18'),
(4,'browse_media',NULL,'2019-10-04 14:54:18','2019-10-04 14:54:18'),
(5,'browse_compass',NULL,'2019-10-04 14:54:18','2019-10-04 14:54:18'),
(6,'browse_menus','menus','2019-10-04 14:54:18','2019-10-04 14:54:18'),
(7,'read_menus','menus','2019-10-04 14:54:18','2019-10-04 14:54:18'),
(8,'edit_menus','menus','2019-10-04 14:54:18','2019-10-04 14:54:18'),
(9,'add_menus','menus','2019-10-04 14:54:18','2019-10-04 14:54:18'),
(10,'delete_menus','menus','2019-10-04 14:54:19','2019-10-04 14:54:19'),
(11,'browse_roles','roles','2019-10-04 14:54:19','2019-10-04 14:54:19'),
(12,'read_roles','roles','2019-10-04 14:54:19','2019-10-04 14:54:19'),
(13,'edit_roles','roles','2019-10-04 14:54:19','2019-10-04 14:54:19'),
(14,'add_roles','roles','2019-10-04 14:54:19','2019-10-04 14:54:19'),
(15,'delete_roles','roles','2019-10-04 14:54:19','2019-10-04 14:54:19'),
(16,'browse_users','users','2019-10-04 14:54:19','2019-10-04 14:54:19'),
(17,'read_users','users','2019-10-04 14:54:19','2019-10-04 14:54:19'),
(18,'edit_users','users','2019-10-04 14:54:19','2019-10-04 14:54:19'),
(19,'add_users','users','2019-10-04 14:54:19','2019-10-04 14:54:19'),
(20,'delete_users','users','2019-10-04 14:54:20','2019-10-04 14:54:20'),
(21,'browse_settings','settings','2019-10-04 14:54:20','2019-10-04 14:54:20'),
(22,'read_settings','settings','2019-10-04 14:54:20','2019-10-04 14:54:20'),
(23,'edit_settings','settings','2019-10-04 14:54:20','2019-10-04 14:54:20'),
(24,'add_settings','settings','2019-10-04 14:54:20','2019-10-04 14:54:20'),
(25,'delete_settings','settings','2019-10-04 14:54:20','2019-10-04 14:54:20'),
(26,'browse_categories','categories','2019-10-04 14:54:31','2019-10-04 14:54:31'),
(27,'read_categories','categories','2019-10-04 14:54:31','2019-10-04 14:54:31'),
(28,'edit_categories','categories','2019-10-04 14:54:32','2019-10-04 14:54:32'),
(29,'add_categories','categories','2019-10-04 14:54:32','2019-10-04 14:54:32'),
(30,'delete_categories','categories','2019-10-04 14:54:32','2019-10-04 14:54:32'),
(31,'browse_posts','posts','2019-10-04 14:54:34','2019-10-04 14:54:34'),
(32,'read_posts','posts','2019-10-04 14:54:34','2019-10-04 14:54:34'),
(33,'edit_posts','posts','2019-10-04 14:54:34','2019-10-04 14:54:34'),
(34,'add_posts','posts','2019-10-04 14:54:34','2019-10-04 14:54:34'),
(35,'delete_posts','posts','2019-10-04 14:54:34','2019-10-04 14:54:34'),
(36,'browse_pages','pages','2019-10-04 14:54:36','2019-10-04 14:54:36'),
(37,'read_pages','pages','2019-10-04 14:54:37','2019-10-04 14:54:37'),
(38,'edit_pages','pages','2019-10-04 14:54:37','2019-10-04 14:54:37'),
(39,'add_pages','pages','2019-10-04 14:54:37','2019-10-04 14:54:37'),
(40,'delete_pages','pages','2019-10-04 14:54:37','2019-10-04 14:54:37'),
(41,'browse_hooks',NULL,'2019-10-04 14:54:43','2019-10-04 14:54:43'),
(42,'browse_institutions','institutions','2019-12-11 17:08:51','2019-12-11 17:08:51'),
(43,'read_institutions','institutions','2019-12-11 17:08:55','2019-12-11 17:08:55'),
(44,'edit_institutions','institutions','2019-12-11 17:08:58','2019-12-11 17:08:58'),
(45,'add_institutions','institutions','2019-12-11 17:08:58','2019-12-11 17:08:58'),
(46,'delete_institutions','institutions','2019-12-11 17:09:05','2019-12-11 17:09:05'),
(52,'browse_departaments','departaments','2019-12-18 20:20:04','2019-12-18 20:20:04'),
(53,'read_departaments','departaments','2019-12-18 20:20:04','2019-12-18 20:20:04'),
(54,'edit_departaments','departaments','2019-12-18 20:20:04','2019-12-18 20:20:04'),
(55,'add_departaments','departaments','2019-12-18 20:20:04','2019-12-18 20:20:04'),
(56,'delete_departaments','departaments','2019-12-18 20:20:04','2019-12-18 20:20:04');

/*Table structure for table `posts` */

DROP TABLE IF EXISTS `posts`;

CREATE TABLE `posts` (
  `id` int(10) unsigned NOT NULL AUTO_INCREMENT,
  `author_id` int(11) NOT NULL,
  `category_id` int(11) DEFAULT NULL,
  `title` varchar(191) COLLATE utf8mb4_unicode_ci NOT NULL,
  `seo_title` varchar(191) COLLATE utf8mb4_unicode_ci DEFAULT NULL,
  `excerpt` text COLLATE utf8mb4_unicode_ci,
  `body` text COLLATE utf8mb4_unicode_ci NOT NULL,
  `image` varchar(191) COLLATE utf8mb4_unicode_ci DEFAULT NULL,
  `slug` varchar(191) COLLATE utf8mb4_unicode_ci NOT NULL,
  `meta_description` text COLLATE utf8mb4_unicode_ci,
  `meta_keywords` text COLLATE utf8mb4_unicode_ci,
  `status` enum('PUBLISHED','DRAFT','PENDING') COLLATE utf8mb4_unicode_ci NOT NULL DEFAULT 'DRAFT',
  `featured` tinyint(1) NOT NULL DEFAULT '0',
  `created_at` timestamp NULL DEFAULT NULL,
  `updated_at` timestamp NULL DEFAULT NULL,
  PRIMARY KEY (`id`),
  UNIQUE KEY `posts_slug_unique` (`slug`)
) ENGINE=InnoDB AUTO_INCREMENT=5 DEFAULT CHARSET=utf8mb4 COLLATE=utf8mb4_unicode_ci;

/*Data for the table `posts` */

insert  into `posts`(`id`,`author_id`,`category_id`,`title`,`seo_title`,`excerpt`,`body`,`image`,`slug`,`meta_description`,`meta_keywords`,`status`,`featured`,`created_at`,`updated_at`) values 
(1,0,NULL,'Lorem Ipsum Post',NULL,'This is the excerpt for the Lorem Ipsum Post','<p>This is the body of the lorem ipsum post</p>','posts/post1.jpg','lorem-ipsum-post','This is the meta description','keyword1, keyword2, keyword3','PUBLISHED',0,'2019-10-04 14:54:35','2019-10-04 14:54:35'),
(2,0,NULL,'My Sample Post',NULL,'This is the excerpt for the sample Post','<p>This is the body for the sample post, which includes the body.</p>\n                <h2>We can use all kinds of format!</h2>\n                <p>And include a bunch of other stuff.</p>','posts/post2.jpg','my-sample-post','Meta Description for sample post','keyword1, keyword2, keyword3','PUBLISHED',0,'2019-10-04 14:54:35','2019-10-04 14:54:35'),
(3,0,NULL,'Latest Post',NULL,'This is the excerpt for the latest post','<p>This is the body for the latest post</p>','posts/post3.jpg','latest-post','This is the meta description','keyword1, keyword2, keyword3','PUBLISHED',0,'2019-10-04 14:54:35','2019-10-04 14:54:35'),
(4,0,NULL,'Yarr Post',NULL,'Reef sails nipperkin bring a spring upon her cable coffer jury mast spike marooned Pieces of Eight poop deck pillage. Clipper driver coxswain galleon hempen halter come about pressgang gangplank boatswain swing the lead. Nipperkin yard skysail swab lanyard Blimey bilge water ho quarter Buccaneer.','<p>Swab deadlights Buccaneer fire ship square-rigged dance the hempen jig weigh anchor cackle fruit grog furl. Crack Jennys tea cup chase guns pressgang hearties spirits hogshead Gold Road six pounders fathom measured fer yer chains. Main sheet provost come about trysail barkadeer crimp scuttle mizzenmast brig plunder.</p>\n<p>Mizzen league keelhaul galleon tender cog chase Barbary Coast doubloon crack Jennys tea cup. Blow the man down lugsail fire ship pinnace cackle fruit line warp Admiral of the Black strike colors doubloon. Tackle Jack Ketch come about crimp rum draft scuppers run a shot across the bow haul wind maroon.</p>\n<p>Interloper heave down list driver pressgang holystone scuppers tackle scallywag bilged on her anchor. Jack Tar interloper draught grapple mizzenmast hulk knave cable transom hogshead. Gaff pillage to go on account grog aft chase guns piracy yardarm knave clap of thunder.</p>','posts/post4.jpg','yarr-post','this be a meta descript','keyword1, keyword2, keyword3','PUBLISHED',0,'2019-10-04 14:54:35','2019-10-04 14:54:35');

/*Table structure for table `roles` */

DROP TABLE IF EXISTS `roles`;

CREATE TABLE `roles` (
  `id` bigint(20) unsigned NOT NULL AUTO_INCREMENT,
  `name` varchar(191) COLLATE utf8mb4_unicode_ci NOT NULL,
  `display_name` varchar(191) COLLATE utf8mb4_unicode_ci NOT NULL,
  `created_at` timestamp NULL DEFAULT NULL,
  `updated_at` timestamp NULL DEFAULT NULL,
  PRIMARY KEY (`id`),
  UNIQUE KEY `roles_name_unique` (`name`)
) ENGINE=InnoDB AUTO_INCREMENT=3 DEFAULT CHARSET=utf8mb4 COLLATE=utf8mb4_unicode_ci;

/*Data for the table `roles` */

insert  into `roles`(`id`,`name`,`display_name`,`created_at`,`updated_at`) values 
(1,'admin','Administrator','2019-10-04 14:54:17','2019-10-04 14:54:17'),
(2,'user','Normal User','2019-10-04 14:54:17','2019-10-04 14:54:17');

/*Table structure for table `settings` */

DROP TABLE IF EXISTS `settings`;

CREATE TABLE `settings` (
  `id` int(10) unsigned NOT NULL AUTO_INCREMENT,
  `key` varchar(191) COLLATE utf8mb4_unicode_ci NOT NULL,
  `display_name` varchar(191) COLLATE utf8mb4_unicode_ci NOT NULL,
  `value` text COLLATE utf8mb4_unicode_ci,
  `details` text COLLATE utf8mb4_unicode_ci,
  `type` varchar(191) COLLATE utf8mb4_unicode_ci NOT NULL,
  `order` int(11) NOT NULL DEFAULT '1',
  `group` varchar(191) COLLATE utf8mb4_unicode_ci DEFAULT NULL,
  PRIMARY KEY (`id`),
  UNIQUE KEY `settings_key_unique` (`key`)
) ENGINE=InnoDB AUTO_INCREMENT=11 DEFAULT CHARSET=utf8mb4 COLLATE=utf8mb4_unicode_ci;

/*Data for the table `settings` */

insert  into `settings`(`id`,`key`,`display_name`,`value`,`details`,`type`,`order`,`group`) values 
(1,'site.title','Site Title','GanaEdu','','text',1,'Site'),
(2,'site.description','Site Description','GanaEdu','','text',2,'Site'),
(3,'site.logo','Site Logo','','','image',3,'Site'),
(4,'site.google_analytics_tracking_id','Google Analytics Tracking ID',NULL,'','text',4,'Site'),
(5,'admin.bg_image','Admin Background Image','settings/October2019/c0wvdL7aLUOfTuc2rZI5.jpg','','image',5,'Admin'),
(6,'admin.title','Admin Title','GanaEdu','','text',1,'Admin'),
(7,'admin.description','Admin Description','GanaEdu','','text',2,'Admin'),
(8,'admin.loader','Admin Loader','','','image',3,'Admin'),
(9,'admin.icon_image','Admin Icon Image','','','image',4,'Admin'),
(10,'admin.google_analytics_client_id','Google Analytics Client ID (used for admin dashboard)',NULL,'','text',1,'Admin');

/*Table structure for table `translations` */

DROP TABLE IF EXISTS `translations`;

CREATE TABLE `translations` (
  `id` int(10) unsigned NOT NULL AUTO_INCREMENT,
  `table_name` varchar(191) COLLATE utf8mb4_unicode_ci NOT NULL,
  `column_name` varchar(191) COLLATE utf8mb4_unicode_ci NOT NULL,
  `foreign_key` int(10) unsigned NOT NULL,
  `locale` varchar(191) COLLATE utf8mb4_unicode_ci NOT NULL,
  `value` text COLLATE utf8mb4_unicode_ci NOT NULL,
  `created_at` timestamp NULL DEFAULT NULL,
  `updated_at` timestamp NULL DEFAULT NULL,
  PRIMARY KEY (`id`),
  UNIQUE KEY `translations_table_name_column_name_foreign_key_locale_unique` (`table_name`,`column_name`,`foreign_key`,`locale`)
) ENGINE=InnoDB AUTO_INCREMENT=31 DEFAULT CHARSET=utf8mb4 COLLATE=utf8mb4_unicode_ci;

/*Data for the table `translations` */

insert  into `translations`(`id`,`table_name`,`column_name`,`foreign_key`,`locale`,`value`,`created_at`,`updated_at`) values 
(1,'data_types','display_name_singular',5,'pt','Post','2019-10-04 14:54:38','2019-10-04 14:54:38'),
(2,'data_types','display_name_singular',6,'pt','Página','2019-10-04 14:54:38','2019-10-04 14:54:38'),
(3,'data_types','display_name_singular',1,'pt','Utilizador','2019-10-04 14:54:38','2019-10-04 14:54:38'),
(4,'data_types','display_name_singular',4,'pt','Categoria','2019-10-04 14:54:38','2019-10-04 14:54:38'),
(5,'data_types','display_name_singular',2,'pt','Menu','2019-10-04 14:54:38','2019-10-04 14:54:38'),
(6,'data_types','display_name_singular',3,'pt','Função','2019-10-04 14:54:38','2019-10-04 14:54:38'),
(7,'data_types','display_name_plural',5,'pt','Posts','2019-10-04 14:54:38','2019-10-04 14:54:38'),
(8,'data_types','display_name_plural',6,'pt','Páginas','2019-10-04 14:54:38','2019-10-04 14:54:38'),
(9,'data_types','display_name_plural',1,'pt','Utilizadores','2019-10-04 14:54:38','2019-10-04 14:54:38'),
(10,'data_types','display_name_plural',4,'pt','Categorias','2019-10-04 14:54:38','2019-10-04 14:54:38'),
(11,'data_types','display_name_plural',2,'pt','Menus','2019-10-04 14:54:39','2019-10-04 14:54:39'),
(12,'data_types','display_name_plural',3,'pt','Funções','2019-10-04 14:54:39','2019-10-04 14:54:39'),
(13,'categories','slug',1,'pt','categoria-1','2019-10-04 14:54:39','2019-10-04 14:54:39'),
(14,'categories','name',1,'pt','Categoria 1','2019-10-04 14:54:39','2019-10-04 14:54:39'),
(15,'categories','slug',2,'pt','categoria-2','2019-10-04 14:54:39','2019-10-04 14:54:39'),
(16,'categories','name',2,'pt','Categoria 2','2019-10-04 14:54:39','2019-10-04 14:54:39'),
(17,'pages','title',1,'pt','Olá Mundo','2019-10-04 14:54:39','2019-10-04 14:54:39'),
(18,'pages','slug',1,'pt','ola-mundo','2019-10-04 14:54:39','2019-10-04 14:54:39'),
(19,'pages','body',1,'pt','<p>Olá Mundo. Scallywag grog swab Cat o\'nine tails scuttle rigging hardtack cable nipper Yellow Jack. Handsomely spirits knave lad killick landlubber or just lubber deadlights chantey pinnace crack Jennys tea cup. Provost long clothes black spot Yellow Jack bilged on her anchor league lateen sail case shot lee tackle.</p>\r\n<p>Ballast spirits fluke topmast me quarterdeck schooner landlubber or just lubber gabion belaying pin. Pinnace stern galleon starboard warp carouser to go on account dance the hempen jig jolly boat measured fer yer chains. Man-of-war fire in the hole nipperkin handsomely doubloon barkadeer Brethren of the Coast gibbet driver squiffy.</p>','2019-10-04 14:54:39','2019-10-04 14:54:39'),
(20,'menu_items','title',1,'pt','Painel de Controle','2019-10-04 14:54:39','2019-10-04 14:54:39'),
(21,'menu_items','title',2,'pt','Media','2019-10-04 14:54:40','2019-10-04 14:54:40'),
(22,'menu_items','title',12,'pt','Publicações','2019-10-04 14:54:40','2019-10-04 14:54:40'),
(23,'menu_items','title',3,'pt','Utilizadores','2019-10-04 14:54:40','2019-10-04 14:54:40'),
(24,'menu_items','title',11,'pt','Categorias','2019-10-04 14:54:40','2019-10-04 14:54:40'),
(25,'menu_items','title',13,'pt','Páginas','2019-10-04 14:54:40','2019-10-04 14:54:40'),
(26,'menu_items','title',4,'pt','Funções','2019-10-04 14:54:40','2019-10-04 14:54:40'),
(27,'menu_items','title',5,'pt','Ferramentas','2019-10-04 14:54:40','2019-10-04 14:54:40'),
(28,'menu_items','title',6,'pt','Menus','2019-10-04 14:54:41','2019-10-04 14:54:41'),
(29,'menu_items','title',7,'pt','Base de dados','2019-10-04 14:54:41','2019-10-04 14:54:41'),
(30,'menu_items','title',10,'pt','Configurações','2019-10-04 14:54:41','2019-10-04 14:54:41');

/*Table structure for table `user_roles` */

DROP TABLE IF EXISTS `user_roles`;

CREATE TABLE `user_roles` (
  `user_id` bigint(20) unsigned NOT NULL,
  `role_id` bigint(20) unsigned NOT NULL,
  PRIMARY KEY (`user_id`,`role_id`),
  KEY `user_roles_user_id_index` (`user_id`),
  KEY `user_roles_role_id_index` (`role_id`),
  CONSTRAINT `user_roles_role_id_foreign` FOREIGN KEY (`role_id`) REFERENCES `roles` (`id`) ON DELETE CASCADE,
  CONSTRAINT `user_roles_user_id_foreign` FOREIGN KEY (`user_id`) REFERENCES `users` (`id`) ON DELETE CASCADE
) ENGINE=InnoDB DEFAULT CHARSET=utf8mb4 COLLATE=utf8mb4_unicode_ci;

/*Data for the table `user_roles` */

/*Table structure for table `users` */

DROP TABLE IF EXISTS `users`;

CREATE TABLE `users` (
  `id` bigint(20) unsigned NOT NULL AUTO_INCREMENT,
  `role_id` bigint(20) unsigned DEFAULT NULL,
  `name` varchar(191) COLLATE utf8mb4_unicode_ci NOT NULL,
  `email` varchar(191) COLLATE utf8mb4_unicode_ci NOT NULL,
  `avatar` varchar(191) COLLATE utf8mb4_unicode_ci DEFAULT 'users/default.png',
  `email_verified_at` timestamp NULL DEFAULT NULL,
  `password` varchar(191) COLLATE utf8mb4_unicode_ci NOT NULL,
  `remember_token` varchar(100) COLLATE utf8mb4_unicode_ci DEFAULT NULL,
  `settings` text COLLATE utf8mb4_unicode_ci,
  `created_at` timestamp NULL DEFAULT NULL,
  `updated_at` timestamp NULL DEFAULT NULL,
  PRIMARY KEY (`id`),
  UNIQUE KEY `users_email_unique` (`email`),
  KEY `users_role_id_foreign` (`role_id`),
  CONSTRAINT `users_role_id_foreign` FOREIGN KEY (`role_id`) REFERENCES `roles` (`id`)
) ENGINE=InnoDB AUTO_INCREMENT=2 DEFAULT CHARSET=utf8mb4 COLLATE=utf8mb4_unicode_ci;

/*Data for the table `users` */

insert  into `users`(`id`,`role_id`,`name`,`email`,`avatar`,`email_verified_at`,`password`,`remember_token`,`settings`,`created_at`,`updated_at`) values 
(1,1,'Admin','admin@admin.com','users/default.png',NULL,'$2y$10$kMfoUQBaKLPBeHaNiC8ffOxH9pMCRfIQZKO3orbLSFyAwINGkJHwy','z7pCQmtkISaAwlMuDJIL8GRFtGpunepo0Sg844zzVryDCrGhZyVFufyS8U6t',NULL,'2019-10-04 14:54:32','2019-10-04 14:54:32');

/*!40101 SET SQL_MODE=@OLD_SQL_MODE */;
/*!40014 SET FOREIGN_KEY_CHECKS=@OLD_FOREIGN_KEY_CHECKS */;
/*!40014 SET UNIQUE_CHECKS=@OLD_UNIQUE_CHECKS */;
/*!40111 SET SQL_NOTES=@OLD_SQL_NOTES */;
